{
    "name": "Alfawise U30",
    "version": 2,
    "inherits": "fdmprinter",
    "metadata": {
        "visible": true,
        "author": "Nicolas Nussbaum",
        "manufacturer": "Alfawise",
        "file_formats": "text/x-gcode",
        "preferred_quality_type": "fast",
        "machine_extruder_trains":
        {
            "0": "alfawise_u30_extruder_0"
        }
    },
    "overrides": {
        "machine_name": {
            "default_value": "Alfawise U30"
        },
        "machine_start_gcode": {
            "default_value": "; -- START GCODE --\nG21        ;metric values\nG90        ;absolute positioning\nM82        ;set extruder to absolute mode\nM107       ;start with the fan off\nG28 X0 Y0  ;move X/Y to min endstops\nG28 Z0     ;move Z to min endstops\nG1 Z1 F1000             ;move up slightly\nG1 Y60.0 Z0 E9.0 F1000.0;intro line\nG1 Y100.0 E21.5 F1000.0 ;continue line\nG92 E0                  ;zero the extruded length again\nG1 F80\n;Put printing message on LCD screen\nM117 Printing...\n; -- end of START GCODE --"
        },
        "machine_end_gcode": {
            "default_value": "; -- END GCODE --\nM104 S0                     ;extruder heater off\nM140 S0                     ;heated bed heater off (if you have it)\nG91                                    ;relative positioning\nG1 E-1 F300                            ;retract the filament a bit before lifting the nozzle, to release some of the pressure\nG1 Z+0.5 E-5 X-20 Y-20 F80 ;move Z up a bit and retract filament even more\nG28 X0 Y0                              ;move X/Y to min endstops, so the head is out of the way\nM84                         ;steppers off\nG90                         ;absolute positioning\nM107       ;turn the fan off; -- end of END GCODE --"
        },
        "machine_width": {
            "default_value": 220
        },
        "machine_height": {
            "default_value": 250
        },
        "machine_depth": {
            "default_value": 220
        },
        "machine_heated_bed": {
            "default_value": true
        },
        "machine_center_is_zero": {
            "default_value": false
        },
        "gantry_height": {
            "default_value": 10
        },
        "machine_gcode_flavor": {
            "default_value": "RepRap (Marlin/Sprinter)"
        },
        "material_diameter": {
            "default_value": 1.75
        },
        "material_print_temperature": {
            "default_value": 210
        },
        "material_bed_temperature": {
            "default_value": 50
        },
        "layer_height_0": {
            "default_value": 0.2
        },
        "wall_thickness": {
            "default_value": 1.2
        },
        "speed_print": {
            "default_value": 40
        },
        "speed_infill": {
            "default_value": 40
        },
        "speed_wall": {
            "default_value": 35
        },
        "speed_topbottom": {
            "default_value": 35
        },
        "speed_travel": {
            "default_value": 120
        },
        "speed_layer_0": {
            "default_value": 20
        },
        "support_enable": {
            "default_value": true
        },
        "retraction_enable": {
            "default_value": true
        },
        "retraction_amount": {
            "default_value": 5
        },
        "retraction_speed": {
            "default_value": 45
        }
    }
}
