{
    "version": 2,
    "name": "Hello BEE Prusa",
    "inherits": "fdmprinter",
    "metadata": {
        "visible": true,
        "author": "BEEVERYCREATIVE",
        "manufacturer": "BEEVERYCREATIVE",
        "platform": "BEEVERYCREATIVE-helloBEEprusa.stl",
        "platform_offset": [-226, -75, -196],
        "file_formats": "text/x-gcode",
        "machine_extruder_trains":
        {
            "0": "hBp_extruder_left",
            "1": "hBp_extruder_right"
        }
    },

    "overrides": {
        "machine_extruder_count": { "default_value": 2 },
        "machine_name": { "default_value": "hello BEE prusa" },
        "machine_start_gcode": { "default_value": "; -- START GCODE --\nG21                     ;set units to millimetres\nG90                     ;set to absolute positioning\nM107                    ;set fan speed to zero (turned off)\nG28 X0 Y0               ;move to the X/Y origin (Home)\nG28 Z0                  ;move to the Z origin (Home)\nG92 E0                  ;zero the extruded length\nG1 F3600                ;set feedrate to 60 mm/sec\nM420 S1 \n; -- end of START GCODE --" },
        "machine_end_gcode": { "default_value": "; -- END GCODE --\nM104 S0                 ;set extruder temperature to zero (turned off)\nM140 S0                 ;set bed temperature to zero (turned off)\nG28 X0 Y0               ;move to the X/Y origin (Home)\nM84                     ;turn off steppers\n; -- end of END GCODE --" },
        "machine_width": { "default_value": 185 },
        "machine_depth": { "default_value": 200 },
        "machine_height": { "default_value": 190 },
        "machine_heated_bed": { "default_value": true },
        "machine_center_is_zero": { "default_value": false },
        "material_print_temperature": { "default_value": 200 },
        "material_bed_temperature": { "default_value": 60 },
        "line_width": { "default_value": 0.48 },
        "layer_height": { "default_value": 0.2 },
        "layer_height_0": { "default_value": 0.2 },
        "wall_line_count": { "default_value": 3 },
        "wall_thickness": { "default_value": 1.2 },
        "top_bottom_thickness": { "default_value": 1.2 },
        "infill_sparse_density": { "default_value": 20 },
        "infill_overlap": { "default_value": 15 },
        "speed_print": { "default_value": 60 },
        "speed_travel": { "default_value": 160 },
        "speed_layer_0": { "default_value": 30 },
        "speed_wall_x": { "default_value": 35 },
        "speed_wall_0": { "default_value": 30 },
        "speed_infill": { "default_value": 60 },
        "speed_topbottom": { "default_value": 20 },
        "skirt_brim_speed": { "default_value": 35 },
        "skirt_line_count": { "default_value": 4 },
        "skirt_brim_minimal_length": { "default_value": 30 },
        "skirt_gap": { "default_value": 6 },
        "cool_fan_full_at_height": { "default_value": 0.4 },
        "retraction_speed": { "default_value": 15.0},
        "retraction_amount": { "default_value": 1.5}
    }
}