{
  "version": 2,
  "name": "Monoprice Ultimate",
  "inherits": "wanhao_d6",
  "metadata": {
    "visible": true,
    "author": "Danny Tuppeny",
    "manufacturer": "monoprice",
    "file_formats": "text/x-gcode",
    "icon": "wanhao-icon.png",
    "has_materials": true,
    "platform": "wanhao_200_200_platform.obj",
    "platform_texture": "Wanhaobackplate.png",
    "machine_extruder_trains": {
      "0": "wanhao_d6_extruder_0"
    },
    "platform_offset": [
      0,
      -28,
      0
    ]
  },
  "overrides": {
    "machine_name": {
      "default_value": "Monoprice Ultimate"
    },
    "machine_max_acceleration_x": {
      "default_value": 3000
    },
    "machine_max_acceleration_y": {
      "default_value": 3000
    },
    "machine_max_acceleration_z": {
      "default_value": 100
    },
    "machine_max_acceleration_e": {
      "default_value": 500
    },
    "machine_acceleration": {
      "default_value": 800
    },
    "machine_max_jerk_xy": {
      "default_value": 10.0
    },
    "machine_max_jerk_z": {
      "default_value": 0.4
    },
    "machine_max_jerk_e": {
      "default_value": 1.0
    }
  }
}
